-- E-commerce Management System MySQL Seed Data

USE `ecommerce`;

INSERT INTO user_roles (id, type) VALUES
(1, 'App/Admin'),
(2, 'App/Customer');

INSERT INTO users (id, first_name, last_name, email, password_hash, user_role_id, created_at, updated_at, deleted_at) VALUES
(1, 'Carlos Alberto', 'Arroyo Martínez', 'carlos.arroyo@e-commerce.com', '$2b$10$vNVtCVv7IxX1Q9Whwb//ie6SZROFY4IYcDOSn146SWph8UBEzSYte', 1, CURRENT_TIMESTAMP, CURRENT_TIMESTAMP, NULL),
(2, 'Cathy Stefania', 'Guido Rojas', 'cathy.guido@e-commerce.com', '$2b$10$vNVtCVv7IxX1Q9Whwb//ie6SZROFY4IYcDOSn146SWph8UBEzSYte', 2, CURRENT_TIMESTAMP, CURRENT_TIMESTAMP, NULL),
(3, 'Roberto Carlos', 'García López', 'roberto.garcia@e-commerce.com', '$2b$10$vNVtCVv7IxX1Q9Whwb//ie6SZROFY4IYcDOSn146SWph8UBEzSYte', 1, CURRENT_TIMESTAMP, CURRENT_TIMESTAMP, NULL),
(4, 'María Elena', 'Hernández Sánchez', 'maria.hernandez@e-commerce.com', '$2b$10$vNVtCVv7IxX1Q9Whwb//ie6SZROFY4IYcDOSn146SWph8UBEzSYte', 2, CURRENT_TIMESTAMP, CURRENT_TIMESTAMP, NULL),
(5, 'Jorge Antonio', 'Rodríguez Pérez', 'jorge.rodriguez@e-commerce.com', '$2b$10$vNVtCVv7IxX1Q9Whwb//ie6SZROFY4IYcDOSn146SWph8UBEzSYte', 2, CURRENT_TIMESTAMP, CURRENT_TIMESTAMP, NULL),
(6, 'Laura Patricia', 'Martínez González', 'laura.martinez@e-commerce.com', '$2b$10$vNVtCVv7IxX1Q9Whwb//ie6SZROFY4IYcDOSn146SWph8UBEzSYte', 2, CURRENT_TIMESTAMP, CURRENT_TIMESTAMP, NULL),
(7, 'Fernando', 'Torres Rivera', 'fernando.torres@e-commerce.com', '$2b$10$vNVtCVv7IxX1Q9Whwb//ie6SZROFY4IYcDOSn146SWph8UBEzSYte', 2, CURRENT_TIMESTAMP, CURRENT_TIMESTAMP, NULL),
(8, 'Ana Guadalupe', 'Flores Morales', 'ana.flores@e-commerce.com', '$2b$10$vNVtCVv7IxX1Q9Whwb//ie6SZROFY4IYcDOSn146SWph8UBEzSYte', 2, CURRENT_TIMESTAMP, CURRENT_TIMESTAMP, NULL),
(9, 'Luis Miguel', 'Ramírez Castro', 'luis.ramirez@e-commerce.com', '$2b$10$vNVtCVv7IxX1Q9Whwb//ie6SZROFY4IYcDOSn146SWph8UBEzSYte', 2, CURRENT_TIMESTAMP, CURRENT_TIMESTAMP, NULL),
(10, 'Patricia', 'Jiménez Vargas', 'patricia.jimenez@e-commerce.com', '$2b$10$vNVtCVv7IxX1Q9Whwb//ie6SZROFY4IYcDOSn146SWph8UBEzSYte', 2, CURRENT_TIMESTAMP, CURRENT_TIMESTAMP, NULL),
(11, 'Alejandro', 'Ortega Mendoza', 'alejandro.ortega@e-commerce.com', '$2b$10$vNVtCVv7IxX1Q9Whwb//ie6SZROFY4IYcDOSn146SWph8UBEzSYte', 1, CURRENT_TIMESTAMP, CURRENT_TIMESTAMP, NULL);

INSERT INTO customers (id, user_id) VALUES
(1, 2),
(2, 4),
(3, 5),
(4, 6),
(5, 7),
(6, 8),
(7, 9),
(8, 10);

INSERT INTO customer_addresses (id, street_name, street_number, apartament_number, sublocality, locality, state, country, postal_code, phone_number, customer_id) VALUES
(1, 'C Leona Vicario', '120', NULL, 'Centro', 'Acámbaro', 'Guanajuato', 'MX', '38923', '4431232123', 1),
(2, 'Av Universidad', '456', '302', 'Del Valle', 'Ciudad de México', 'CDMX', 'MX', '03100', '5556789012', 2),
(3, 'Calle Juárez', '78', NULL, 'Zona Centro', 'León', 'Guanajuato', 'MX', '37000', '4771234567', 3),
(4, 'Blvd del Valle', '1023', '15', 'San Ángel', 'Ciudad de México', 'CDMX', 'MX', '01000', '5551234567', 4),
(5, 'C Pino Suárez', '234', '4', 'Centro', 'Guadalajara', 'Jalisco', 'MX', '44100', '3312345678', 5),
(6, 'Av Revolución', '890', NULL, 'San Ángel', 'Monterrey', 'Nuevo León', 'MX', '64800', '8181234567', 6),
(7, 'Calle Galeana', '56', '8', 'Centro', 'San Luis Potosí', 'San Luis Potosí', 'MX', '78000', '4441234567', 7),
(8, 'C Miguel Hidalgo', '321', NULL, 'Centro', 'Querétaro', 'Querétaro', 'MX', '76000', '4421234567', 8);

INSERT INTO admins (id, is_super, user_id) VALUES
(1, 1, 1),
(2, 0, 3),
(3, 0, 11);

INSERT INTO categories (id, title, deleted_at) VALUES
(1, 'Smartphones', NULL),
(2, 'Headphones', NULL),
(3, 'Accessories', NULL),
(4, 'Tablets', NULL),
(5, 'Smartwatches', NULL),
(6, 'Laptops', NULL),
(7, 'Gaming', NULL),
(8, 'Covers & Cases', NULL);

INSERT INTO products (id, title, slug, description, featured, active, category_id, created_at, updated_at, deleted_at) VALUES
(1, 'Moto G100', 'moto-g100', 'Moto G100', 0, 1, 1, CURRENT_TIMESTAMP, CURRENT_TIMESTAMP, NULL),
(2, 'Moto G60', 'moto-g60', 'Moto G60', 1, 1, 1, CURRENT_TIMESTAMP, CURRENT_TIMESTAMP, NULL),
(3, 'iPhone 15 Pro', 'iphone-15-pro', 'iPhone 15 Pro Max 256GB', 1, 1, 1, CURRENT_TIMESTAMP, CURRENT_TIMESTAMP, NULL),
(4, 'Samsung Galaxy S24', 'samsung-galaxy-s24', 'Samsung Galaxy S24 Ultra', 1, 1, 1, CURRENT_TIMESTAMP, CURRENT_TIMESTAMP, NULL),
(5, 'Xiaomi Redmi Note 13', 'xiaomi-redmi-note-13', 'Xiaomi Redmi Note 13 Pro', 0, 1, 1, CURRENT_TIMESTAMP, CURRENT_TIMESTAMP, NULL),
(6, 'Sony WH-1000XM5', 'sony-wh-1000xm5', 'Sony WH-1000XM5 Wireless', 1, 1, 2, CURRENT_TIMESTAMP, CURRENT_TIMESTAMP, NULL),
(7, 'AirPods Pro 2', 'airpods-pro-2', 'AirPods Pro 2nd Generation', 1, 1, 2, CURRENT_TIMESTAMP, CURRENT_TIMESTAMP, NULL),
(8, 'JBL Tune 770NC', 'jbl-tune-770nc', 'JBL Tune 770NC Headphones', 0, 1, 2, CURRENT_TIMESTAMP, CURRENT_TIMESTAMP, NULL),
(9, 'Apple iPad Pro 11', 'apple-ipad-pro-11', 'Apple iPad Pro 11 M4', 0, 1, 4, CURRENT_TIMESTAMP, CURRENT_TIMESTAMP, NULL),
(10, 'Samsung Galaxy Tab S9', 'samsung-galaxy-tab-s9', 'Samsung Galaxy Tab S9+', 0, 1, 4, CURRENT_TIMESTAMP, CURRENT_TIMESTAMP, NULL),
(11, 'Apple Watch Series 9', 'apple-watch-series-9', 'Apple Watch Series 9 45mm', 1, 1, 5, CURRENT_TIMESTAMP, CURRENT_TIMESTAMP, NULL),
(12, 'Samsung Galaxy Watch 6', 'samsung-galaxy-watch-6', 'Samsung Galaxy Watch 6 Classic', 0, 1, 5, CURRENT_TIMESTAMP, CURRENT_TIMESTAMP, NULL),
(13, 'MacBook Air M3', 'macbook-air-m3', 'MacBook Air 15 M3 256GB', 1, 1, 6, CURRENT_TIMESTAMP, CURRENT_TIMESTAMP, NULL),
(14, 'Dell XPS 15', 'dell-xps-15', 'Dell XPS 15 9530', 0, 1, 6, CURRENT_TIMESTAMP, CURRENT_TIMESTAMP, NULL),
(15, 'Xbox Series X', 'xbox-series-x', 'Xbox Series X 1TB', 1, 1, 7, CURRENT_TIMESTAMP, CURRENT_TIMESTAMP, NULL),
(16, 'PlayStation 5', 'playstation-5', 'PlayStation 5 Slim', 1, 1, 7, CURRENT_TIMESTAMP, CURRENT_TIMESTAMP, NULL),
(17, 'Nintendo Switch OLED', 'nintendo-switch-oled', 'Nintendo Switch OLED Model', 0, 1, 7, CURRENT_TIMESTAMP, CURRENT_TIMESTAMP, NULL),
(18, 'Spigen Ultra Hybrid', 'spigen-ultra-hybrid', 'Spigen Ultra Hybrid Case for iPhone', 0, 1, 8, CURRENT_TIMESTAMP, CURRENT_TIMESTAMP, NULL),
(19, 'Samsung Galaxy Ring', 'samsung-galaxy-ring', 'Samsung Galaxy Ring Titan', 1, 1, 5, CURRENT_TIMESTAMP, CURRENT_TIMESTAMP, NULL),
(20, 'OnePlus 12', 'oneplus-12', 'OnePlus 12 512GB', 0, 1, 1, CURRENT_TIMESTAMP, CURRENT_TIMESTAMP, NULL);

INSERT INTO properties (id, title, deleted_at) VALUES
(1, 'Brand', NULL),
(2, 'Model', NULL),
(3, 'Color', NULL),
(4, 'Storage', NULL),
(5, 'RAM', NULL),
(6, 'Display', NULL),
(7, 'Battery', NULL),
(8, 'Processor', NULL);

INSERT INTO product_property_values (id, value, product_id, property_id) VALUES
(1, 'Motorola', 1, 1),
(2, 'Moto G100', 1, 2),
(3, '6.7"', 1, 6),
(4, '5000mAh', 1, 7),
(5, 'Snapdragon 870', 1, 8),
(6, 'Motorola', 2, 1),
(7, 'Moto G60', 2, 2),
(8, '6.8"', 2, 6),
(9, '6000mAh', 2, 7),
(10, 'Snapdragon 732G', 2, 8),
(11, 'Apple', 3, 1),
(12, 'iPhone 15 Pro', 3, 2),
(13, '6.1"', 3, 6),
(14, 'A17 Pro', 3, 8),
(15, 'Samsung', 4, 1),
(16, 'Galaxy S24 Ultra', 4, 2),
(17, '6.8"', 4, 6),
(18, '5000mAh', 4, 7),
(19, 'Snapdragon 8 Gen 3', 4, 8),
(20, 'Xiaomi', 5, 1),
(21, 'Redmi Note 13 Pro', 5, 2),
(22, '6.67"', 5, 6),
(23, '5100mAh', 5, 7),
(24, 'Snapdragon 7s Gen 2', 5, 8),
(25, 'Sony', 6, 1),
(27, '30 hours', 6, 7),
(28, 'Apple', 7, 1),
(29, 'AirPods Pro 2', 7, 2),
(30, 'JBL', 8, 1),
(31, 'Tune 770NC', 8, 2),
(32, 'Apple', 9, 1),
(33, 'iPad Pro 11', 9, 2),
(34, '11"', 9, 6),
(35, 'M4', 9, 8),
(36, 'Samsung', 10, 1),
(37, 'Galaxy Tab S9+', 10, 2),
(38, '12.4"', 10, 6),
(39, 'Snapdragon 8 Gen 2', 10, 8),
(40, 'Apple', 11, 1),
(41, 'Watch Series 9', 11, 2),
(42, 'Samsung', 12, 1),
(43, 'Galaxy Watch 6', 12, 2),
(44, 'Apple', 13, 1),
(45, 'MacBook Air M3', 13, 2),
(46, '15.3"', 13, 6),
(47, 'M3', 13, 8),
(48, '16GB', 13, 5),
(49, '256GB', 13, 4),
(50, 'Dell', 14, 1),
(51, 'XPS 15 9530', 14, 2),
(52, '15.6"', 14, 6),
(53, 'Intel Core i7', 14, 8),
(54, 'Microsoft', 15, 1),
(55, 'Xbox Series X', 15, 2),
(56, 'Sony', 16, 1),
(57, 'PlayStation 5', 16, 2),
(58, 'Nintendo', 17, 1),
(59, 'Switch OLED', 17, 2),
(60, 'Spigen', 18, 1),
(61, 'Ultra Hybrid', 18, 2),
(62, 'Samsung', 19, 1),
(63, 'Galaxy Ring', 19, 2),
(64, 'OnePlus', 20, 1),
(65, 'OnePlus 12', 20, 2),
(66, '6.82"', 20, 6),
(67, '5400mAh', 20, 7),
(68, 'Snapdragon 8 Gen 3', 20, 8);

INSERT INTO variants (id, sku, price, compared_at_price, cost_per_item, quantity_on_stock, product_id) VALUES
(1, 'motog100nimbusblue', 8999.00, 9999.00, 7000.00, 23, 1),
(2, 'motog100borealgreen', 8999.00, 9999.00, 7000.00, 34, 1),
(3, 'motog60blue', 5499.00, 5999.00, 4200.00, 78, 2),
(4, 'motog60grey', 5499.00, 5999.00, 4200.00, 45, 2),
(5, 'iphone15problack', 27999.00, 29999.00, 22000.00, 50, 3),
(6, 'iphone15prowhite', 27999.00, 29999.00, 22000.00, 35, 3),
(7, 'iphone15pronatural', 28999.00, 30999.00, 23000.00, 28, 3),
(8, 'galaxys24titanium', 25999.00, 27999.00, 20000.00, 42, 4),
(9, 'galaxys24black', 24999.00, 26999.00, 19000.00, 55, 4),
(10, 'galaxys24violet', 24999.00, 26999.00, 19000.00, 30, 4),
(11, 'redminote13problack', 8999.00, 9999.00, 7000.00, 120, 5),
(12, 'redminote13prowhite', 8999.00, 9999.00, 7000.00, 95, 5),
(13, 'sonywh1000xm5black', 6999.00, 7999.00, 5000.00, 65, 6),
(14, 'sonywh1000xm5silver', 6999.00, 7999.00, 5000.00, 48, 6),
(15, 'airpodspro2white', 4999.00, 5499.00, 3500.00, 200, 7),
(16, 'jbl770ncblack', 2499.00, 2999.00, 1800.00, 150, 8),
(17, 'jbl770ncblue', 2499.00, 2999.00, 1800.00, 120, 8),
(18, 'ipadpro11silver', 19999.00, 21999.00, 16000.00, 25, 9),
(19, 'ipadpro11spacegrey', 19999.00, 21999.00, 16000.00, 22, 9),
(20, 'tablets9plusgraphite', 15999.00, 17999.00, 12000.00, 30, 10),
(21, 'applewatch9midnight', 8999.00, 9999.00, 7000.00, 40, 11),
(22, 'applewatch9starlight', 8999.00, 9999.00, 7000.00, 35, 11),
(23, 'galaxywatch6black', 5999.00, 6999.00, 4500.00, 55, 12),
(24, 'galaxywatch6silver', 5999.00, 6999.00, 4500.00, 40, 12),
(25, 'macbookairm3silver', 29999.00, 32999.00, 24000.00, 15, 13),
(26, 'macbookairm3spacegrey', 29999.00, 32999.00, 24000.00, 18, 13),
(27, 'macbookairm3midnight', 29999.00, 32999.00, 24000.00, 12, 13),
(28, 'dellxps15i7', 35999.00, 39999.00, 28000.00, 10, 14),
(29, 'xboxseriesx1tb', 10999.00, 11999.00, 8500.00, 20, 15),
(30, 'ps5slim1tb', 11999.00, 12999.00, 9000.00, 18, 16),
(31, 'ps5slim2tb', 13499.00, 14499.00, 10000.00, 12, 16),
(32, 'switcholedwhite', 7499.00, 7999.00, 5500.00, 35, 17),
(33, 'spigeniphone15black', 499.00, 599.00, 200.00, 500, 18),
(34, 'spigeniphone15clear', 399.00, 499.00, 150.00, 650, 18),
(35, 'galaxyringtitan', 5999.00, 6999.00, 4500.00, 45, 19),
(36, 'oneplus12black', 15999.00, 17999.00, 12000.00, 38, 20),
(37, 'oneplus12flowy', 15999.00, 17999.00, 12000.00, 28, 20);

INSERT INTO variant_images (id, url, variant_id) VALUES
(1, 'motog100nimbusblue.jpg', 1),
(2, 'motog100borealgreen.jpg', 2),
(3, 'motog60blue.jpg', 3),
(4, 'motog60grey.jpg', 4),
(5, 'iphone15problack.jpg', 5),
(6, 'iphone15prowhite.jpg', 6),
(7, 'iphone15pronatural.jpg', 7),
(8, 'galaxys24titanium.jpg', 8),
(9, 'galaxys24black.jpg', 9),
(10, 'galaxys24violet.jpg', 10),
(11, 'redminote13problack.jpg', 11),
(12, 'redminote13prowhite.jpg', 12),
(13, 'sonywh1000xm5black.jpg', 13),
(14, 'sonywh1000xm5silver.jpg', 14),
(15, 'airpodspro2white.jpg', 15),
(16, 'jbl770ncblack.jpg', 16),
(17, 'jbl770ncblue.jpg', 17),
(18, 'ipadpro11silver.jpg', 18),
(19, 'ipadpro11spacegrey.jpg', 19),
(20, 'tablets9plusgraphite.jpg', 20),
(21, 'applewatch9midnight.jpg', 21),
(22, 'applewatch9starlight.jpg', 22),
(23, 'galaxywatch6black.jpg', 23),
(24, 'galaxywatch6silver.jpg', 24),
(25, 'macbookairm3silver.jpg', 25),
(26, 'macbookairm3spacegrey.jpg', 26),
(27, 'macbookairm3midnight.jpg', 27),
(28, 'dellxps15i7.jpg', 28),
(29, 'xboxseriesx1tb.jpg', 29),
(30, 'ps5slim1tb.jpg', 30),
(31, 'ps5slim2tb.jpg', 31),
(32, 'switcholedwhite.jpg', 32),
(33, 'spigeniphone15black.jpg', 33),
(34, 'spigeniphone15clear.jpg', 34),
(35, 'galaxyringtitan.jpg', 35),
(36, 'oneplus12black.jpg', 36),
(37, 'oneplus12flowy.jpg', 37);

INSERT INTO attributes (id, title, deleted_at) VALUES
(1, 'Color', NULL),
(2, 'Storage', NULL),
(3, 'RAM', NULL),
(4, 'Connectivity', NULL),
(5, 'Size', NULL);

INSERT INTO variant_attribute_values (id, value, variant_id, attribute_id) VALUES
(1, 'Blue Nimbus', 1, 1),
(2, '128GB', 1, 2),
(3, '8GB', 1, 3),
(4, 'Boreal Green', 2, 1),
(5, '128GB', 2, 2),
(6, '8GB', 2, 3),
(7, 'Blue', 3, 1),
(8, '128GB', 3, 2),
(9, '6GB', 3, 3),
(10, 'Grey', 4, 1),
(11, '128GB', 4, 2),
(12, '6GB', 4, 3),
(13, 'Black Titanium', 5, 1),
(14, '256GB', 5, 2),
(15, '8GB', 5, 3),
(16, 'White Titanium', 6, 1),
(17, '256GB', 6, 2),
(18, '8GB', 6, 3),
(19, 'Natural Titanium', 7, 1),
(20, '256GB', 7, 2),
(21, '8GB', 7, 3),
(22, 'Titanium Black', 8, 1),
(23, '256GB', 8, 2),
(24, '12GB', 8, 3),
(25, 'Onyx Black', 9, 1),
(26, '256GB', 9, 2),
(27, '12GB', 9, 3),
(28, 'Cobalt Violet', 10, 1),
(29, '256GB', 10, 2),
(30, '12GB', 10, 3),
(31, 'Midnight Black', 11, 1),
(32, '256GB', 11, 2),
(33, '8GB', 11, 3),
(34, 'Pearl White', 12, 1),
(35, '256GB', 12, 2),
(36, '8GB', 12, 3),
(37, 'Black', 13, 1),
(38, 'Wi-Fi', 13, 4),
(39, 'Silver', 14, 1),
(40, 'Wi-Fi', 14, 4),
(41, 'White', 15, 1),
(42, 'Black', 16, 1),
(43, 'Bluetooth 5.3', 16, 4),
(44, 'Blue', 17, 1),
(45, 'Bluetooth 5.3', 17, 4),
(46, 'Silver', 18, 1),
(47, 'Wi-Fi', 18, 4),
(48, 'Space Grey', 19, 1),
(49, 'Wi-Fi', 19, 4),
(50, 'Graphite', 20, 1),
(51, '256GB', 20, 2),
(52, 'Wi-Fi', 20, 4),
(53, 'Midnight', 21, 1),
(54, '45mm', 21, 5),
(55, 'Starlight', 22, 1),
(56, '45mm', 22, 5),
(57, 'Black', 23, 1),
(58, '44mm', 23, 5),
(59, 'Silver', 24, 1),
(60, '44mm', 24, 5),
(61, 'Silver', 25, 1),
(62, '16GB', 25, 3),
(63, '256GB', 25, 2),
(64, 'Space Grey', 26, 1),
(65, '16GB', 26, 3),
(66, '256GB', 26, 2),
(67, 'Midnight', 27, 1),
(68, '16GB', 27, 3),
(69, '256GB', 27, 2),
(70, 'Silver', 28, 1),
(71, '32GB', 28, 3),
(72, '1TB', 28, 2),
(73, 'Black', 29, 1),
(74, 'White', 30, 1),
(75, '1TB', 30, 2),
(76, 'White', 31, 1),
(77, '2TB', 31, 2),
(78, 'White', 32, 1),
(79, 'Black', 33, 1),
(80, 'Clear', 34, 1),
(81, 'Titanium', 35, 1),
(82, 'Flowy Black', 36, 1),
(83, '512GB', 36, 2),
(84, '16GB', 36, 3),
(85, 'Flowy Emerald', 37, 1),
(86, '512GB', 37, 2),
(87, '16GB', 37, 3);

INSERT INTO movement_types (id, title) VALUES
(1, 'In'),
(2, 'Out');

INSERT INTO movements (id, title, movement_type_id) VALUES
(1, 'Initial product registration', 1),
(2, 'Inventory reception', 1),
(3, 'Purchase return', 1),
(4, 'Supplier credit', 1),
(5, 'Sale', 2),
(6, 'Damaged merchandise', 2),
(7, 'Theft/Loss', 2),
(8, 'Inventory adjustment', 2);
